Mean time, std deviation, reps, size
0.00139682,0.000569152,10,24576
0.00923727,0.000418425,100,24576
0.0880352,0.000870588,1000,24576
0.880703,0.00327971,10000,24576
8.88874,0.04384,100000,24576
