Mean time, std deviation, reps, size
0.00014854, 2.43324e-05, 100, 1000
0.00789648, 0.000829595, 100, 100000
1.11245, 0.0554496, 100, 10000000
