Mean time, std deviation, reps, size
0.000184427, 3.48215e-05, 100, 1000
0.00762305, 0.000520109, 100, 100000
0.918999, 0.0417817, 100, 10000000
