Mean time, std deviation, reps, size
0.000162578, 1.88101e-05, 100, 1000
0.00777216, 0.000831002, 100, 100000
1.03735, 0.0384336, 100, 10000000
