Mean time, std deviation, reps, size
0.000243255, 3.1881e-05, 100, 1000
0.00865125, 0.000522918, 100, 100000
1.00493, 0.0431576, 100, 10000000
