Mean time, std deviation, reps, size
0.000208451, 3.86297e-05, 100, 1000
0.00813897, 0.000485274, 100, 100000
0.943159, 0.032232, 100, 10000000
