Mean time, std deviation, reps, size
0.000206969, 3.03143e-05, 100, 1000
0.00790742, 0.00057531, 100, 100000
0.922972, 0.03724, 100, 10000000
