Mean time, std deviation, reps, size
0.000146543, 1.85045e-05, 100, 1000
0.00964055, 0.00152867, 100, 100000
1.34325, 0.0766721, 100, 10000000
