Mean time, std deviation, reps, size
0.000174392, 2.61953e-05, 100, 1000
0.00764807, 0.000639914, 100, 100000
0.951602, 0.0459113, 100, 10000000
