Mean time, std deviation, reps, size
0.000154416, 1.87824e-05, 100, 1000
0.00839859, 0.0012978, 100, 100000
1.20764, 0.0636979, 100, 10000000
