Mean time, std deviation, reps, size
0.000133187, 8.90922e-06, 100, 1000
0.0099585, 0.00146606, 100, 100000
1.65036, 0.0493746, 100, 10000000
