Mean time, std deviation, reps, size
0.000226057, 3.24125e-05, 100, 1000
0.00823338, 0.000542022, 100, 100000
0.941678, 0.0443956, 100, 10000000
