Mean time, std deviation, reps, size
0.00194802,0.00016793,10,24576
0.0159193,0.000127815,100,24576
0.155827,0.000551884,1000,24576
1.55132,0.00168076,10000,24576
15.5499,0.0921649,100000,24576
