Mean time, std deviation, reps, size
0.000342184,0.000684369,10,24576
0.00107662,0.00215325,100,24576
0.00602448,0.012049,1000,24576
0.0599788,0.119958,10000,24576
0.594629,1.18926,100000,24576
