Mean time, std deviation, reps, size
0.000440849,0.000881699,10,24576
0.00321404,0.00642807,100,24576
0.0308821,0.0617641,1000,24576
0.309841,0.619683,10000,24576
3.09808,6.19616,100000,24576
