Mean time, std deviation, reps, size
0.000329879,0.000659758,10,24576
0.00210444,0.00420889,100,24576
0.0177693,0.0355385,1000,24576
0.174432,0.348863,10000,24576
1.73092,3.46183,100000,24576
