Mean time, std deviation, reps, size
2.5e-05, 0, 1, 100
0.016165, 0, 1, 100000
2.48116, 0, 1, 10000000
