Mean time, std deviation, reps, size
0.000121, 0, 1, 1000
0.009834, 0, 1, 100000
1.49232, 0, 1, 10000000
