Mean time, std deviation, reps, size
0.000145684, 2.04969e-05, 100, 1000
0.0079613, 0.00113255, 100, 100000
1.14383, 0.0479693, 100, 10000000
