Mean time, std deviation, reps, size
0.00013425, 1.19186e-05, 100, 1000
0.0114497, 0.00113796, 100, 100000
1.71922, 0.181337, 100, 10000000
