Mean time, std deviation, reps, size
0.000145115, 1.24211e-05, 100, 1000
0.0115087, 0.00118031, 100, 100000
1.83107, 0.00311534, 100, 10000000
