Mean time, std deviation, reps, size
0.000149997, 4.73005e-06, 100, 1000
0.0200548, 0.00302151, 100, 100000
3.15285, 0.0043725, 100, 10000000
