Mean time, std deviation, reps, size
0.000151306, 1.61809e-05, 100, 1000
0.0100654, 0.00146197, 100, 100000
1.43576, 0.123824, 100, 10000000
