Mean time, std deviation, reps, size
0.00056, 0, 1, 100
0.008218, 0, 1, 100000
1.21271, 0, 1, 10000000
