Mean time, std deviation, reps, size
0.000471, 0, 1, 1000
0.010552, 0, 1, 100000
1.45225, 0, 1, 10000000
