Mean time, std deviation, reps, size
0.000229242, 4.19461e-05, 100, 1000
0.00796727, 0.000542319, 100, 100000
1.0343, 0.0706996, 100, 10000000
