Mean time, std deviation, reps, size
0.000172338, 2.2359e-05, 100, 1000
0.00792098, 0.000670541, 100, 100000
0.982799, 0.0400661, 100, 10000000
