Mean time, std deviation, reps, size
0.000182491, 6.48302e-06, 100, 1000
0.0171527, 0.00192173, 100, 100000
2.75785, 0.00392188, 100, 10000000
