Mean time, std deviation, reps, size
0.000153123, 1.29683e-05, 100, 1000
0.0106564, 0.00112893, 100, 100000
1.4078, 0.0220963, 100, 10000000
