Mean time, std deviation, reps, size
7e-05, 0, 1, 1000
0.015917, 0, 1, 100000
2.75486, 0, 1, 10000000
