Mean time, std deviation, reps, size
0.000485, 0, 1, 1000
0.006616, 0, 1, 100000
1.19909, 0, 1, 10000000
