Mean time, std deviation, reps, size
0.000158443, 6.08989e-06, 100, 1000
0.0211083, 0.00407322, 100, 100000
3.15388, 0.00992674, 100, 10000000
